﻿pos_x,pos_y,rotation,side,designator,mpn,pack,value,mount_type,place
-103.667753,29.404835,170.0,top,D1,,Diode_SOD-123,D_Small,smt,True
103.769922,29.135423,-170.0,top,D10,,Diode_SOD-123,D_Small,smt,True
-106.61977,12.663102,170.0,top,D11,,Diode_SOD-123,D_Small,smt,True
-88.34515,12.878241,170.0,top,D12,,Diode_SOD-123,D_Small,smt,True
-70.249607,11.845297,170.0,top,D13,,Diode_SOD-123,D_Small,smt,True
-53.25443,4.502951,170.0,top,D14,,Diode_SOD-123,D_Small,smt,True
-35.896893,-0.715433,170.0,top,D15,,Diode_SOD-123,D_Small,smt,True
35.943119,-0.744708,-170.0,top,D16,,Diode_SOD-123,D_Small,smt,True
53.300653,4.473673,-170.0,top,D17,,Diode_SOD-123,D_Small,smt,True
70.303061,11.780583,-170.0,top,D18,,Diode_SOD-123,D_Small,smt,True
88.398605,12.813537,-170.0,top,D19,,Diode_SOD-123,D_Small,smt,True
-85.39313,29.619975,170.0,top,D2,,Diode_SOD-123,D_Small,smt,True
106.721938,12.64369,-170.0,top,D20,,Diode_SOD-123,D_Small,smt,True
-109.571788,-4.07863,170.0,top,D21,,Diode_SOD-123,D_Small,smt,True
-91.297167,-3.863487,170.0,top,D22,,Diode_SOD-123,D_Small,smt,True
-73.201628,-4.896436,170.0,top,D23,,Diode_SOD-123,D_Small,smt,True
-56.206448,-12.238783,170.0,top,D24,,Diode_SOD-123,D_Small,smt,True
-38.848914,-17.457166,170.0,top,D25,,Diode_SOD-123,D_Small,smt,True
38.895136,-17.486443,-170.0,top,D26,,Diode_SOD-123,D_Small,smt,True
56.252675,-12.268057,-170.0,top,D27,,Diode_SOD-123,D_Small,smt,True
73.255081,-4.961144,-170.0,top,D28,,Diode_SOD-123,D_Small,smt,True
91.350625,-3.928198,-170.0,top,D29,,Diode_SOD-123,D_Small,smt,True
-67.297589,28.587029,170.0,top,D3,,Diode_SOD-123,D_Small,smt,True
109.67396,-4.098042,-170.0,top,D30,,Diode_SOD-123,D_Small,smt,True
-56.488899,-38.226295,130.0,top,D31,,Diode_SOD-123,D_Small,smt,True
56.207786,-38.221133,-130.0,top,D32,,Diode_SOD-123,D_Small,smt,True
-50.302413,21.244682,170.0,top,D4,,Diode_SOD-123,D_Small,smt,True
-32.944874,16.026299,170.0,top,D5,,Diode_SOD-123,D_Small,smt,True
32.991101,15.747023,-170.0,top,D6,,Diode_SOD-123,D_Small,smt,True
50.348637,20.96541,-170.0,top,D7,,Diode_SOD-123,D_Small,smt,True
67.351042,28.272319,-170.0,top,D8,,Diode_SOD-123,D_Small,smt,True
85.446584,29.305267,-170.0,top,D9,,Diode_SOD-123,D_Small,smt,True
-104.555128,24.671005,170.0,top,SW1,,Choc_V1_1.00u,MX_SW_HS,tht,True
104.555127,24.633575,-170.0,top,SW10,,Choc_V1_1.00u,MX_SW_HS,tht,True
-107.507145,7.92927,170.0,top,SW11,,Choc_V1_1.00u,MX_SW_HS,tht,True
-89.190202,8.151947,170.0,top,SW12,,Choc_V1_1.00u,MX_SW_HS,tht,True
-71.094661,7.118998,170.0,top,SW13,,Choc_V1_1.00u,MX_SW_HS,tht,True
-54.106126,-0.192102,170.0,top,SW14,,Choc_V1_1.00u,MX_SW_HS,tht,True
-36.748587,-5.410486,170.0,top,SW15,,Choc_V1_1.00u,MX_SW_HS,tht,True
36.748587,-5.447911,-170.0,top,SW16,,Choc_V1_1.00u,MX_SW_HS,tht,True
54.106128,-0.229529,-170.0,top,SW17,,Choc_V1_1.00u,MX_SW_HS,tht,True
71.094659,7.08157,-170.0,top,SW18,,Choc_V1_1.00u,MX_SW_HS,tht,True
89.190204,8.114524,-170.0,top,SW19,,Choc_V1_1.00u,MX_SW_HS,tht,True
-86.238186,24.893683,170.0,top,SW2,,Choc_V1_1.00u,MX_SW_HS,tht,True
107.507145,7.891844,-170.0,top,SW20,,Choc_V1_1.00u,MX_SW_HS,tht,True
-110.459164,-8.812465,170.0,top,SW21,,Choc_V1_1.00u,MX_SW_HS,tht,True
-92.142221,-8.589784,170.0,top,SW22,,Choc_V1_1.00u,MX_SW_HS,tht,True
-74.046681,-9.622732,170.0,top,SW23,,Choc_V1_1.00u,MX_SW_HS,tht,True
-57.058144,-16.933832,170.0,top,SW24,,Choc_V1_1.00u,MX_SW_HS,tht,True
-39.700607,-22.152218,170.0,top,SW25,,Choc_V1_1.00u,MX_SW_HS,tht,True
39.700609,-22.189643,-170.0,top,SW26,,Choc_V1_1.00u,MX_SW_HS,tht,True
57.058145,-16.97126,-170.0,top,SW27,,Choc_V1_1.00u,MX_SW_HS,tht,True
74.046675,-9.660159,-170.0,top,SW28,,Choc_V1_1.00u,MX_SW_HS,tht,True
92.142221,-8.627212,-170.0,top,SW29,,Choc_V1_1.00u,MX_SW_HS,tht,True
-68.14264,23.860732,170.0,top,SW3,,Choc_V1_1.00u,MX_SW_HS,tht,True
110.45336,-8.783502,-170.0,top,SW30,,Choc_V1_1.00u,MX_SW_HS,tht,True
-60.048899,-41.196295,130.0,top,SW31,,Choc_V1_1.00u,MX_SW_HS,tht,True
59.847785,-41.281134,-130.0,top,SW32,,Choc_V1_1.00u,MX_SW_HS,tht,True
-51.154105,16.549632,170.0,top,SW4,,Choc_V1_1.00u,MX_SW_HS,tht,True
-33.796569,11.331248,170.0,top,SW5,,Choc_V1_1.00u,MX_SW_HS,tht,True
33.796569,11.293821,-170.0,top,SW6,,Choc_V1_1.00u,MX_SW_HS,tht,True
51.154107,16.512203,-170.0,top,SW7,,Choc_V1_1.00u,MX_SW_HS,tht,True
68.142641,23.8233,-170.0,top,SW8,,Choc_V1_1.00u,MX_SW_HS,tht,True
86.238182,24.856254,-170.0,top,SW9,,Choc_V1_1.00u,MX_SW_HS,tht,True
0.0,-0.0,-90.0,top,U1,,Elite-C-castellated-29pin-holes,eliteC,tht,True
